sample	fasta	source	assembly_level	organism_name	accession
GCF_013378015v1	GCF_013378015.1_genomic.fna	ncbi	complete		
GCF_006547005v1	GCF_006547005.1_genomic.fna	ncbi	complete		
GCF_023035295v1	GCF_023035295.1_genomic.fna	ncbi	complete		
GCF_056822085v1	GCF_056822085.1_genomic.fna	ncbi	complete		
GCF_004355345v1	GCF_004355345.1_genomic.fna	ncbi	complete		
GCF_057730775v1	GCF_057730775.1_genomic.fna	ncbi	complete		
GCF_058093155v1	GCF_058093155.1_genomic.fna	ncbi	complete		
GCF_038712055v1	GCF_038712055.1_genomic.fna	ncbi	complete		
GCF_030908385v1	GCF_030908385.1_genomic.fna	ncbi	complete		
GCF_000834255v1	GCF_000834255.1_genomic.fna	ncbi	complete		
GCF_024749645v1	GCF_024749645.1_genomic.fna	ncbi	complete		
GCF_046736325v1	GCF_046736325.1_genomic.fna	ncbi	complete		
GCF_011044475v1	GCF_011044475.1_genomic.fna	ncbi	complete		
GCF_022559345v1	GCF_022559345.1_genomic.fna	ncbi	complete		
GCF_039783285v1	GCF_039783285.1_genomic.fna	ncbi	complete		
GCF_051132495v1	GCF_051132495.1_genomic.fna	ncbi	complete		
GCF_040554455v1	GCF_040554455.1_genomic.fna	ncbi	complete		
GCF_003628555v1	GCF_003628555.1_genomic.fna	ncbi	complete		
GCF_900489725v1	GCF_900489725.1_genomic.fna	ncbi	complete		
GCF_050506935v1	GCF_050506935.1_genomic.fna	ncbi	complete		
GCF_025403965v1	GCF_025403965.1_genomic.fna	ncbi	contig		
GCF_039571325v1	GCF_039571325.1_genomic.fna	ncbi	contig		
GCF_900583485v1	GCF_900583485.1_genomic.fna	ncbi	contig		
GCF_013414495v1	GCF_013414495.1_genomic.fna	ncbi	contig		
GCF_021286605v1	GCF_021286605.1_genomic.fna	ncbi	contig		
GCF_040326695v1	GCF_040326695.1_genomic.fna	ncbi	contig		
GCF_049537415v1	GCF_049537415.1_genomic.fna	ncbi	contig		
GCF_003949395v1	GCF_003949395.1_genomic.fna	ncbi	contig		
GCF_014335185v1	GCF_014335185.1_genomic.fna	ncbi	contig		
GCF_015912065v1	GCF_015912065.1_genomic.fna	ncbi	contig		
GCF_014288005v1	GCF_014288005.1_genomic.fna	ncbi	contig		
GCF_009675425v1	GCF_009675425.1_genomic.fna	ncbi	contig		
GCF_054357135v1	GCF_054357135.1_genomic.fna	ncbi	contig		
GCF_045887855v1	GCF_045887855.1_genomic.fna	ncbi	contig		
GCF_000496935v2	GCF_000496935.2_genomic.fna	ncbi	contig		
GCF_030850225v1	GCF_030850225.1_genomic.fna	ncbi	contig		
GCF_059428335v1	GCF_059428335.1_genomic.fna	ncbi	contig		
GCF_002926165v1	GCF_002926165.1_genomic.fna	ncbi	contig		
GCF_003185325v1	GCF_003185325.1_genomic.fna	ncbi	contig		
GCF_052139315v1	GCF_052139315.1_genomic.fna	ncbi	contig		
GCF_002844125v1	GCF_002844125.1_genomic.fna	ncbi	complete	Bacillus velezensis	GCF_002844125.1
GCF_002356055v1	GCF_002356055.1_genomic.fna	ncbi	complete	Streptococcus intermedius	GCF_002356055.1
GCF_023650475v1	GCF_023650475.1_genomic.fna	ncbi	complete	Alkalimarinus coralli	GCF_023650475.1
GCF_016549395v1	GCF_016549395.1_genomic.fna	ncbi	complete	Streptococcus oralis	GCF_016549395.1
GCF_041080865v1	GCF_041080865.1_genomic.fna	ncbi	complete	Psychromonas sp. MME1	GCF_041080865.1
GCF_013734035v1	GCF_013734035.1_genomic.fna	ncbi	complete	Klebsiella pneumoniae	GCF_013734035.1
GCF_019047025v1	GCF_019047025.1_genomic.fna	ncbi	complete	Enterobacter roggenkampii	GCF_019047025.1
GCF_000007645v1	GCF_000007645.1_genomic.fna	ncbi	complete	Staphylococcus epidermidis ATCC 12228	GCF_000007645.1
GCF_030486685v2	GCF_030486685.2_genomic.fna	ncbi	complete	Corynebacterium pseudokroppenstedtii	GCF_030486685.2
GCF_022558665v1	GCF_022558665.1_genomic.fna	ncbi	complete	Escherichia coli	GCF_022558665.1
GCF_025560825v1	GCF_025560825.1_genomic.fna	ncbi	complete	Staphylococcus aureus	GCF_025560825.1
GCF_031326185v1	GCF_031326185.1_genomic.fna	ncbi	complete	Acinetobacter bereziniae	GCF_031326185.1
GCF_021459905v1	GCF_021459905.1_genomic.fna	ncbi	complete	Xylella fastidiosa subsp. multiplex	GCF_021459905.1
GCF_045690235v1	GCF_045690235.1_genomic.fna	ncbi	complete	Streptococcus pyogenes	GCF_045690235.1
GCF_029201565v1	GCF_029201565.1_genomic.fna	ncbi	complete	Devosia sp. SD17-2	GCF_029201565.1
GCF_046713465v1	GCF_046713465.1_genomic.fna	ncbi	complete	Streptomyces griseobrunneus	GCF_046713465.1
GCF_002056475v1	GCF_002056475.1_genomic.fna	ncbi	complete	Klebsiella pneumoniae	GCF_002056475.1
GCF_000143145v1	GCF_000143145.1_genomic.fna	ncbi	complete	Hyphomicrobium denitrificans ATCC 51888	GCF_000143145.1
GCF_040735975v1	GCF_040735975.1_genomic.fna	ncbi	complete	Pseudomonas aeruginosa	GCF_040735975.1
GCF_013394285v1	GCF_013394285.1_genomic.fna	ncbi	complete	Acinetobacter baumannii	GCF_013394285.1
GCF_032654585v1	GCF_032654585.1_genomic.fna	ncbi	contig	Bacillus halotolerans	GCF_032654585.1
GCF_000718175v1	GCF_000718175.1_genomic.fna	ncbi	contig	Streptomyces exfoliatus	GCF_000718175.1
GCF_964207855v1	GCF_964207855.1_genomic.fna	ncbi	contig	Klebsiella pneumoniae	GCF_964207855.1
GCF_055453515v1	GCF_055453515.1_genomic.fna	ncbi	contig	Prevotella bivia	GCF_055453515.1
GCF_013913335v1	GCF_013913335.1_genomic.fna	ncbi	contig	Pseudomonas aeruginosa	GCF_013913335.1
GCF_052996805v1	GCF_052996805.1_genomic.fna	ncbi	contig	Escherichia coli	GCF_052996805.1
GCF_018729415v1	GCF_018729415.1_genomic.fna	ncbi	contig	Bacillus velezensis	GCF_018729415.1
GCF_021060425v1	GCF_021060425.1_genomic.fna	ncbi	contig	Helicobacter pylori	GCF_021060425.1
GCF_026198445v1	GCF_026198445.1_genomic.fna	ncbi	contig	Klebsiella pneumoniae	GCF_026198445.1
GCF_056724425v1	GCF_056724425.1_genomic.fna	ncbi	contig	Escherichia coli	GCF_056724425.1
GCF_003339805v1	GCF_003339805.1_genomic.fna	ncbi	contig	Senegalimassilia anaerobia	GCF_003339805.1
GCF_058074385v1	GCF_058074385.1_genomic.fna	ncbi	contig	Escherichia coli	GCF_058074385.1
GCF_030403115v1	GCF_030403115.1_genomic.fna	ncbi	contig	Streptococcus suis	GCF_030403115.1
GCF_019127635v1	GCF_019127635.1_genomic.fna	ncbi	contig	Bacteroides stercoris	GCF_019127635.1
GCF_028479265v1	GCF_028479265.1_genomic.fna	ncbi	contig	Providencia sp. PROV221	GCF_028479265.1
GCF_040982955v1	GCF_040982955.1_genomic.fna	ncbi	contig	Klebsiella pneumoniae	GCF_040982955.1
GCF_019971485v1	GCF_019971485.1_genomic.fna	ncbi	contig	Aeromonas caviae	GCF_019971485.1
GCF_030268465v1	GCF_030268465.1_genomic.fna	ncbi	contig	Megamonas funiformis	GCF_030268465.1
GCF_001026845v1	GCF_001026845.1_genomic.fna	ncbi	contig	Corynebacterium diphtheriae bv. gravis str. ISS 4746	GCF_001026845.1
GCF_003348885v1	GCF_003348885.1_genomic.fna	ncbi	contig	Vibrio cholerae	GCF_003348885.1
GCF_001017595v1	GCF_001017595.1_genomic.fna	ncbi	complete	Metamycoplasma hominis	GCF_001017595.1
GCF_021496135v1	GCF_021496135.1_genomic.fna	ncbi	complete	Enterobacter hormaechei	GCF_021496135.1
GCF_040761425v1	GCF_040761425.1_genomic.fna	ncbi	complete	Burkholderia sp. Ed8	GCF_040761425.1
GCF_058092235v1	GCF_058092235.1_genomic.fna	ncbi	complete	Listeria monocytogenes	GCF_058092235.1
GCF_047417375v1	GCF_047417375.1_genomic.fna	ncbi	complete	Chlamydia trachomatis	GCF_047417375.1
GCF_022068525v1	GCF_022068525.1_genomic.fna	ncbi	complete	Streptococcus pneumoniae	GCF_022068525.1
GCF_018199995v1	GCF_018199995.1_genomic.fna	ncbi	complete	Photobacterium sp. GJ3	GCF_018199995.1
GCF_000172575v2	GCF_000172575.2_genomic.fna	ncbi	complete	Enterococcus faecalis OG1RF	GCF_000172575.2
GCF_001593395v2	GCF_001593395.2_genomic.fna	ncbi	complete	Bacillus velezensis	GCF_001593395.2
GCF_002257705v2	GCF_002257705.2_genomic.fna	ncbi	complete	Sporomusa silvacetica DSM 10669	GCF_002257705.2
GCF_000750375v1	GCF_000750375.1_genomic.fna	ncbi	complete	Salmonella enterica subsp. enterica serovar Enteritidis	GCF_000750375.1
GCF_002162255v1	GCF_002162255.1_genomic.fna	ncbi	complete	Histophilus somni	GCF_002162255.1
GCF_051358245v1	GCF_051358245.1_genomic.fna	ncbi	complete	Acinetobacter baumannii	GCF_051358245.1
GCF_056858075v1	GCF_056858075.1_genomic.fna	ncbi	complete	Pasteurella multocida	GCF_056858075.1
GCF_048313085v1	GCF_048313085.1_genomic.fna	ncbi	complete	Fusobacterium animalis	GCF_048313085.1
GCF_900475905v1	GCF_900475905.1_genomic.fna	ncbi	complete	Kingella kingae	GCF_900475905.1
GCF_036865845v1	GCF_036865845.1_genomic.fna	ncbi	complete	Erwinia aphidicola	GCF_036865845.1
GCF_000835145v1	GCF_000835145.1_genomic.fna	ncbi	complete	Bacillus amyloliquefaciens KHG19	GCF_000835145.1
GCF_984668395v1	GCF_984668395.1_genomic.fna	ncbi	complete	Burkholderia arboris	GCF_984668395.1
GCF_045041305v1	GCF_045041305.1_genomic.fna	ncbi	complete	Streptomyces sp. NBC_00096	GCF_045041305.1
GCF_013834525v1	GCF_013834525.1_genomic.fna	ncbi	complete	Escherichia fergusonii	GCF_013834525.1
GCF_903993035v2	GCF_903993035.2_genomic.fna	ncbi	complete	Klebsiella pneumoniae	GCF_903993035.2
GCF_042214795v1	GCF_042214795.1_genomic.fna	ncbi	complete	Arcobacter iocasae	GCF_042214795.1
GCF_033582035v1	GCF_033582035.1_genomic.fna	ncbi	complete	Thermaerobacter composti	GCF_033582035.1
GCF_013341415v1	GCF_013341415.1_genomic.fna	ncbi	complete	Staphylococcus saprophyticus	GCF_013341415.1
GCF_036507615v1	GCF_036507615.1_genomic.fna	ncbi	complete	Escherichia coli	GCF_036507615.1
GCF_057815335v1	GCF_057815335.1_genomic.fna	ncbi	complete	Bacillus pumilus	GCF_057815335.1
GCF_947250815v1	GCF_947250815.1_genomic.fna	ncbi	complete	Wolbachia endosymbiont (group B) of Nymphalis c-album	GCF_947250815.1
GCF_023734295v1	GCF_023734295.1_genomic.fna	ncbi	complete	Latilactobacillus sakei	GCF_023734295.1
GCF_056590175v1	GCF_056590175.1_genomic.fna	ncbi	complete	Salmonella enterica	GCF_056590175.1
GCF_002053565v1	GCF_002053565.1_genomic.fna	ncbi	contig	Salmonella enterica	GCF_002053565.1
GCF_031194955v1	GCF_031194955.1_genomic.fna	ncbi	contig	Escherichia marmotae	GCF_031194955.1
GCF_000877925v1	GCF_000877925.1_genomic.fna	ncbi	contig	Staphylococcus aureus	GCF_000877925.1
GCF_029849995v1	GCF_029849995.1_genomic.fna	ncbi	contig	Enterococcus faecium	GCF_029849995.1
GCF_028550115v1	GCF_028550115.1_genomic.fna	ncbi	contig	Acinetobacter baumannii	GCF_028550115.1
GCF_002982535v1	GCF_002982535.1_genomic.fna	ncbi	contig	Staphylococcus aureus	GCF_002982535.1
GCF_020181635v2	GCF_020181635.2_genomic.fna	ncbi	contig	[Mycobacterium] zoologicum	GCF_020181635.2
GCF_052245655v1	GCF_052245655.1_genomic.fna	ncbi	contig	Streptomyces sp. 4N509B	GCF_052245655.1
GCF_900009285v1	GCF_900009285.1_genomic.fna	ncbi	contig	Streptococcus suis	GCF_900009285.1
GCF_032488595v1	GCF_032488595.1_genomic.fna	ncbi	contig	Bradyrhizobium sp. SZCCHNR3054	GCF_032488595.1
GCF_013391365v1	GCF_013391365.1_genomic.fna	ncbi	contig	Ralstonia pickettii	GCF_013391365.1
GCF_054573755v1	GCF_054573755.1_genomic.fna	ncbi	contig	Escherichia coli	GCF_054573755.1
GCF_042651265v1	GCF_042651265.1_genomic.fna	ncbi	contig	Kordiimonas lipolytica	GCF_042651265.1
GCF_059519695v1	GCF_059519695.1_genomic.fna	ncbi	contig	Acinetobacter baumannii	GCF_059519695.1
GCF_003605365v2	GCF_003605365.2_genomic.fna	ncbi	contig	Siminovitchia fortis	GCF_003605365.2
GCF_053127455v1	GCF_053127455.1_genomic.fna	ncbi	contig	Acinetobacter baumannii	GCF_053127455.1
GCF_034108005v1	GCF_034108005.1_genomic.fna	ncbi	contig	Enterobacter ludwigii	GCF_034108005.1
GCF_001949775v1	GCF_001949775.1_genomic.fna	ncbi	contig	Clostridium perfringens	GCF_001949775.1
GCF_009815585v1	GCF_009815585.1_genomic.fna	ncbi	contig	Francisella tularensis	GCF_009815585.1
GCF_037172625v1	GCF_037172625.1_genomic.fna	ncbi	contig	Escherichia coli	GCF_037172625.1
GCF_022845095v1	GCF_022845095.1_genomic.fna	ncbi	contig	Enterococcus faecium	GCF_022845095.1
GCF_020161895v1	GCF_020161895.1_genomic.fna	ncbi	contig	Corynebacterium amycolatum	GCF_020161895.1
GCF_000316505v2	GCF_000316505.2_genomic.fna	ncbi	contig	Escherichia coli 97.0007	GCF_000316505.2
GCF_044990155v1	GCF_044990155.1_genomic.fna	ncbi	contig	Glaesserella parasuis	GCF_044990155.1
GCF_040990385v1	GCF_040990385.1_genomic.fna	ncbi	contig	Klebsiella variicola	GCF_040990385.1
GCF_029526395v1	GCF_029526395.1_genomic.fna	ncbi	contig	Klebsiella pneumoniae	GCF_029526395.1
GCF_000524235v1	GCF_000524235.1_genomic.fna	ncbi	contig	Fusobacterium sp. OBRC1	GCF_000524235.1
GCF_020296165v1	GCF_020296165.1_genomic.fna	ncbi	contig	Salmonella enterica	GCF_020296165.1
GCF_030344565v1	GCF_030344565.1_genomic.fna	ncbi	contig	Klebsiella oxytoca	GCF_030344565.1
GCF_030360955v1	GCF_030360955.1_genomic.fna	ncbi	contig	Lactococcus lactis	GCF_030360955.1
